bucket,service,instances
akvoflow-229,akvoflow-229,basic
akvoflow-167,akvoflow-167,neertamba
flowirc,ircflow-hrd,ircflow
akvoflow-170,akvoflow-170,nabu
akvoflow-210,akvoflow-210,sat4business
akvoflow-182,akvoflow-182,maep
akvoflow-193,akvoflow-193,jinov
akvoflow-142,akvoflow-142,lacprogram
akvoflow-122,akvoflow-122,sn4all
akvoflow-beta1,akvoflow-beta1,beta1
akvoflow-197,akvoflow-197,favenhomes
akvoflow-70,akvoflow-70,aquaforall
akvoflow-55,akvoflow-55,nigeria
akvoflow-108,akvoflow-108,nef
akvoflow-211,akvoflow-211,thehungerproject
akvoflow-71,akvoflow-71,sustineo
akvoflowsandbox,akvoflowsandbox,akvoflowsandbox
akvoflow-dev3,akvoflow-dev3,dev3
akvoflow-73,akvoflow-73,lifewater
akvoflow-226,akvoflow-226,ifc
akvoflow-102,akvoflow-102,fiji-dws
akvoflow-212,akvoflow-212,ifc-cambodia
akvoflow-206,akvoflow-206,johannas
akvoflow-121,akvoflow-121,snvinclusivebusiness
akvoflow-82,akvoflow-82,icco-eidhr-eu
akvoflow-231,akvoflow-231,bpf
akvoflow-224,akvoflow-224,drbronner
akvoflow-internal2,akvoflow-internal2,pilots
akvoflow-191,akvoflow-191,lesotho
akvoflow-106,akvoflow-106,asia
akvoflow-uat2,akvoflow-uat2,uat2
akvoflow-dev2,akvoflow-dev2,dev2
akvoflow-227,akvoflow-227,sustineo-au
akvoflow-163,akvoflow-163,d2dsouthasia
akvoflow-113,akvoflow-113,worldveg
akvoflow-228,akvoflow-228,eritrea2022
akvoflow-168,akvoflow-168,americas
akvoflow-194,akvoflow-194,idh
akvoflow-60,akvoflow-60,caddisfly
akvoflow-166,akvoflow-166,udumamali
akvoflow-223,akvoflow-223,makeway
akvoflow-126,akvoflow-126,snvushhd
akvoflow-149,akvoflow-149,mea-bf
akvoflow-110,akvoflow-110,1wash-salone
akvoflow-37,akvoflow-37,ssh4a
akvoflow-72,akvoflow-72,theadventureproject
waterforpeople,akvoflow-216,wfp
akvoflow-230,akvoflow-230,adsel
akvoflow-128,akvoflow-128,balancing-benefits
akvoflow-125,akvoflow-125,snvuwss
akvoflow-222,akvoflow-222,amvs-souroupole
akvoflow-87,akvoflow-87,dnhmali
akvoflow-154,akvoflow-154,labosomagep
akvoflow-59,akvoflow-59,pacificwash
akvoflow-14,akvoflow-214,cwsa
akvoflow-156,akvoflow-156,pipep-rca
akvoflow-50,akvoflow-50,dnsp-hab
akvoflow-62,akvoflow-62,seap
akvoflow-153,akvoflow-153,sustharvintl
akvoflow-208,akvoflow-208,tanzania
akvoflow-120,akvoflow-120,snvsolar
akvoflow-7,akvoflow-217,wai
akvoflow-205,akvoflow-205,mdi
akvoflow-221,akvoflow-221,pavitraganga
akvoflow-127,akvoflow-127,resilientvaluechains
akvoflow-209,akvoflow-209,agriprofocus-nfp
akvoflow-89,akvoflow-89,biogas-programme
akvoflow-uat1,akvoflow-uat1,uat1
akvoflow-132,akvoflow-132,unwomen-pacific
akvoflow-112,akvoflow-112,onepci
akvoflow-185,akvoflow-185,tintometer
akvoflow-198,akvoflow-198,2scale
akvoflow-196,akvoflow-196,scpda-srdc
akvoflow-152,akvoflow-152,agriml021
akvoflow-27,akvoflow-219,snape
akvoflow-52,akvoflow-52,da-mha-mauritanie
akvoflow-104,akvoflow-104,fiji-moe
akvoflow-189,akvoflow-189,anu
akvoflow-76,akvoflow-76,sendacow
akvoflow-165,akvoflow-165,iucn
akvoflow-129,akvoflow-129,marsfood
akvoflow-dev1,akvoflow-dev1,dev1
akvoflow-23,akvoflow-218,welthungerhilfe
akvoflow-220,akvoflow-220,verstegen
akvoflow-94,akvoflow-94,sig
flowaglimmerofhope,flowaglimmerofhope-hrd,flowaglimmerofhope
flowliberia,akvoflow-215,liberia
akvoflow-beta2,akvoflow-beta2,beta2
akvoflow-10,akvoflow-10,icco
akvoflow-225,akvoflow-225,devworks
akvoflow-117,akvoflow-117,emw
akvoflow-178,akvoflow-178,angkorsalad
akvoflow-140,akvoflow-140,watershed
akvoflow-hub2,akvoflow-hub2,eastafrica
akvoflow-133,akvoflow-133,proportionfoundation
akvoflow-101,akvoflow-101,snvimprovedcookstoves
akvoflow-201,akvoflow-201,ecosia
akvoflow-195,akvoflow-195,apess
akvoflow-67,akvoflow-67,helvetas
akvoflow-176,akvoflow-176,gietrenk
akvoflow-213,akvoflow-213,isco
akvoflow-124,akvoflow-124,snvfrws
akvoflow-199,akvoflow-199,ci-fiji
akvoflow-123,akvoflow-123,oye
akvoflow-61,akvoflow-61,tiipaalga-co2logic
akvoflow-204,akvoflow-204,uncdf-bf
akvoflow-159,akvoflow-159,dnacpnmali
akvoflow-203,akvoflow-203,greendeal
akvoflow-177,akvoflow-177,spiceup
akvoflow-45,akvoflow-45,westafrica
